"","Participant","Age","Gender","avgTotalTransferTime","avgView2Play","avgBuild2Play","avgPlay2Build","totalView2Play","totalBuild2Play","totalPlay2Build","totalPlay2View","totalBuildWallCount","totalPlayWallCount","totalViewWallCount","totalPlayWallGazeTime","totalBuildWallGazeTime","totalViewWallGazeTime","avgPickUp2GazeFind","group","condition"
"1","P18",31,"f",449.501766304348,468.197998046875,1411.4140625,1085.75827205882,14982.3359375,39519.59375,36915.78125,11967.6953125,34,60,11,91386.6796875,53270.125,16646.7421875,0,"c","co"
"2","P29",26,"m",367.503780241935,941.04609375,10860.62890625,1093.96484375,9410.4609375,65163.7734375,4375.859375,798.2265625,4,16,4,160464.015625,70887.796875,30531.171875,0,"c","s"
"3","P29",26,"m",556.455394847973,913.62265625,2250.93684895833,2496.56107954545,18272.453125,27011.2421875,27462.171875,9609.53125,11,32,12,135820.796875,87332.703125,43342.625,0,"c","co"
